customer_id,customer_name,city,country
1,Adrian Hart,Aguilarville,Chile
2,Andrew Moore,West Heather,Spain
3,Alan Wilson,Johnnyville,Comoros
4,Jessica Foley,Emilyfort,Egypt
5,Troy Klein,Gomezhaven,Iceland
6,Brittney Rasmussen,Carsonbury,Vanuatu
7,Joseph Johnston,Lake Zacharyfort,Serbia
8,Mariah Raymond,North Wayne,Tanzania
9,Jose Holder,Port Kevinfort,Bahrain
10,Kristin Terry,Gordonview,Bangladesh
11,Sheila Logan,Youngfurt,American Samoa
12,Helen Delacruz,West Lisa,Greece
13,David Krueger,Lake Ashleyton,Canada
14,Holly Valenzuela,Santiagoview,Portugal
15,Katherine Smith,Tiffanyview,Trinidad and Tobago
16,Andrea Bell,Mossside,Ukraine
17,Joshua Miller,Port Kimberly,Lao People's Democratic Republic
18,Cynthia James,North Collinburgh,Nicaragua
19,Dustin Savage,Jamesside,Singapore
20,Michael James,New Madeline,Zambia
21,Tammy Johnson,Wilsontown,New Caledonia
22,Patricia Davis,North Jasonfort,Guinea
23,Danny Peterson,East Feliciaton,Italy
24,Debbie Anderson,Adrianland,Brunei Darussalam
25,Robert Adams,Herreramouth,Nepal
26,Mary Stewart,Nicholasberg,Belarus
27,Ashley Mckay,East Kellyshire,Tanzania
28,Cheryl Gray,North Toddchester,Togo
29,Brittany King,Tuckermouth,Mayotte
30,Mark Wilson,Ericburgh,Malaysia
31,Penny Williams,Williamstad,Iceland
32,Thomas Bowen,Justinville,Isle of Man
33,Bryan Stone,Diazshire,South Africa
34,Elizabeth Rojas,North Stephanie,Estonia
35,Austin Baker,Tiffanyview,Burkina Faso
36,Nicole Hall,Roberthaven,Russian Federation
37,Teresa Thompson,Douglastown,Azerbaijan
38,John Marks,Josephhaven,Lithuania
39,Dr. Jessica Graham,Melissafort,Saudi Arabia
40,Kara Zhang,Ramirezfort,Liechtenstein
41,Warren Yang,Charleschester,New Zealand
42,Barbara Flores,North Joyce,Bolivia
43,Jacob Snyder,East Matthewton,Central African Republic
44,Sara Scott,Harryton,Oman
45,Harold Hayes,Lake Shawnshire,Malaysia
46,Dana Murray,South Jamesfurt,Kazakhstan
47,Mr. David Watts,New Chris,Mali
48,Robert Sanchez,West Williamshire,Senegal
49,Andrew Rogers,South Jeffrey,Canada
50,Michelle Edwards,Jamesville,Faroe Islands
51,Allison Soto,Leviton,Poland
52,Shane Yates,East Haydenside,Brazil
53,Judith Rodriguez,Emilyton,Eritrea
54,Michael Woods,North Denise,French Southern Territories
55,Sara Lester,Morrisfurt,Gibraltar
56,Rodney Adkins,South Debraport,Liberia
57,Mark Wilcox,New Trevor,United States of America
58,Timothy Green,Ericfurt,Gibraltar
59,Richard Obrien,South Emily,Serbia
60,Michelle Miller,New Steveview,Mozambique
61,Mark Lopez,North Stevenchester,Poland
62,Bryan Murray,East Sethshire,United States Virgin Islands
63,Katherine Jones,East Katieview,Jamaica
64,Christopher Munoz,West Danielleton,Trinidad and Tobago
65,Tyler Moore,Jessicaland,Serbia
66,Lisa Evans,Francistown,Barbados
67,Tyler Lozano,New Connie,Gabon
68,Richard Gonzalez,Robertshire,Madagascar
69,Tyler West,Charlestown,French Southern Territories
70,Thomas Barnett,South Kenneth,Sierra Leone
71,Travis Lee,North Thomaschester,Georgia
72,Susan Jackson,Liutown,Argentina
73,Jake Ford,South Robert,Rwanda
74,Dawn Miller,Wrightborough,Georgia
75,Colleen Love,Wallsport,British Indian Ocean Territory (Chagos Archipelago)
76,Michael Wilson,Port Carlaside,Tunisia
77,Kylie Johnson,East Hannahfort,India
78,Cory Tucker,South Johnmouth,Belgium
79,Katherine Knapp,Shariview,Grenada
80,Brian Tyler,Port Charles,Sri Lanka
81,Andrea Matthews,Woodwardfurt,Yemen
82,April Bennett,Lake Elizabeth,Sri Lanka
83,Annette Welch,Port Joseph,Cayman Islands
84,Julie Campbell,Meaganshire,Montserrat
85,Brandon Mccarthy,Gregoryfort,Guinea-Bissau
86,Jennifer Leon,Lake Donald,Morocco
87,Amanda Watson,Freemanview,Anguilla
88,Mrs. Amy Harris PhD,New Tiffany,Lao People's Democratic Republic
89,Nicholas Bishop,Littlebury,Croatia
90,Bruce Vincent,North Luis,Latvia
91,Jonathan Smith,Alexanderview,Mexico
92,Richard Schneider,South Nancyview,Trinidad and Tobago
93,Carmen Crawford,Robertland,Martinique
94,Ronald Holloway,Gilmorechester,Ireland
95,Brian Haynes,New Bethany,Guernsey
96,Mr. Jeffrey Reed,Port Josephton,French Southern Territories
97,Christine Wolf,Scottfort,Lebanon
98,Tammy Compton,Lake Jasonchester,Benin
99,Sarah Thomas,East Kristopher,Martinique
100,Elizabeth Richardson,Carrollborough,Poland
101,John Martin,Kevinland,Tokelau
102,Rebecca Harding,Lake Kelseychester,Qatar
103,Deanna Howard,Blairburgh,Bermuda
104,Cassandra Williamson,Marymouth,Korea
105,Taylor White,Carterview,Kiribati
106,Angie Rowe,Lake Joseph,Saint Helena
107,Brandon Weeks,Annamouth,Christmas Island
108,Claudia Berry,North Kristinamouth,Greenland
109,Robert Johnson,North Danielside,Finland
110,Scott Lewis,Deborahtown,Turkmenistan
111,Nicole Hernandez,East Kimberlyfurt,Iran
112,Michele Martin,Leeview,Niger
113,Cheryl Peterson,Lake Ashley,South Africa
114,Edward Maxwell,Port Maria,Israel
115,Amanda Williams,South Dean,Martinique
116,Jamie Reyes,West Rebecca,Mauritania
117,Patrick Ramirez,Medinachester,Ukraine
118,Michael Sanford,West Fernandostad,Morocco
119,Anne Williams,Hullside,Tokelau
120,Cody Clark,East Jorgeborough,Antarctica (the territory South of 60 deg S)
121,Paula Mcknight,Lake Evelyn,Romania
122,Jordan Holden,North Tyler,Iraq
123,Jonathan Carson,Lake Felicia,Bulgaria
124,Jonathan Brown,New Nathan,Christmas Island
125,Karen Payne,East Alanstad,Russian Federation
126,William Rice,Pattersonhaven,Barbados
127,Nicholas Spears,Parkermouth,Croatia
128,Casey Perez,South Brittany,Antarctica (the territory South of 60 deg S)
129,Jo Ramirez,East Amy,Macao
130,James Bennett,West Jason,Oman
131,Jay Stanley,Tiffanyport,Myanmar
132,Brandon Kim,East Troybury,Myanmar
133,Kimberly Johnson,North William,Bolivia
134,Morgan Hayes,Savagetown,Palau
135,Michael Richardson,Lake Davidview,Lao People's Democratic Republic
136,Luke Rivera,Raymondside,Ghana
137,Jonathon Velez,West Elizabeth,Liberia
138,Stacy Austin,Robinberg,Saint Helena
139,Kaitlyn Gutierrez,Reynoldsmouth,French Guiana
140,Laura Mccann,South Evelyn,Fiji
141,Chase Bell,Hillshire,Saint Barthelemy
142,Matthew Huff,Lake Michaelton,Japan
143,Cindy Lam,Matthewhaven,Latvia
144,Mary Carter,Robinmouth,Tonga
145,Destiny Johnson,East Marytown,Bahrain
146,Christina Lewis,New Corey,South Africa
147,Jeremy Wheeler,Port Chelsea,Armenia
148,Jessica Schneider,East Xavier,Andorra
149,Christopher Hampton,Lisaberg,Botswana
150,Amber Munoz,Nicholasfurt,Kiribati
151,Theresa Nichols,Port Logan,United States Minor Outlying Islands
152,John Gonzales,Freemanmouth,Djibouti
153,Joshua Adams,West Craig,Bhutan
154,Karen Shaw,Jamesshire,Bahrain
155,Monica Harrington,North Carolyntown,Samoa
156,Ashley Larsen,Lake Melissa,Haiti
157,Sarah Travis,South Melissaton,Italy
158,Bonnie Middleton,Phillipsville,Svalbard & Jan Mayen Islands
159,Brian Braun,East Maryland,Somalia
160,Derek Black,Henrybury,Grenada
161,Kelly Pratt,Matthewsville,Libyan Arab Jamahiriya
162,Amy Soto,Charlesville,Morocco
163,Stephanie Williams,Garzaburgh,Marshall Islands
164,Rebekah Bush,Joshuafort,Iran
165,Jose Randall,South Marc,South Georgia and the South Sandwich Islands
166,Nathan Anthony,North Elizabeth,Micronesia
167,Peter Miller,Andreaton,Madagascar
168,Jesse Meza,Port Debramouth,Bhutan
169,Cindy Wolfe,Millerberg,Syrian Arab Republic
170,Kelly Smith,North Jeremy,Malawi
171,Sara Hart,Kevinhaven,Syrian Arab Republic
172,Calvin Garner,Lake Cynthiamouth,Burkina Faso
173,John Barnett,North Tiffany,Iraq
174,Michele Brown,East Jenny,Botswana
175,Robin Garcia,Mariaview,Bahamas
176,Patricia Woodard,Port Jason,French Southern Territories
177,Steven Cole,East Michaela,Singapore
178,Melissa Juarez,North Deborah,Equatorial Guinea
179,Jessica Morgan,Scottborough,Tunisia
180,Stanley Weaver,Westside,Yemen
181,Benjamin Williams,Lake Elizabethbury,Bouvet Island (Bouvetoya)
182,Anna Kim,Lake Matthew,Niger
183,William Meza,East Catherineville,Slovakia (Slovak Republic)
184,Cody Everett,Port Tyler,Anguilla
185,Nancy Herman,Fisherfort,Andorra
186,Pamela Chavez,East Jonathanview,Norfolk Island
187,Susan Moore,Lake Theresamouth,Congo
188,Matthew Smith,South Katie,Azerbaijan
189,Jacqueline Patterson,New Catherine,Croatia
190,Brian Curry,Dorothyborough,Gambia
191,Anthony Parker,North Lindastad,Greenland
192,Matthew Taylor,Catherinemouth,Faroe Islands
193,Mark Juarez,New Marie,Ecuador
194,Samuel Jones,East Scott,Tunisia
195,Jennifer Harris,Davisside,Slovenia
196,Warren Pearson,New Holly,Montenegro
197,Jeffrey Alexander,Rodriguezfurt,Netherlands Antilles
198,Tyler Kaiser,Tracyfurt,United Kingdom
199,Erin Mcmillan,Jennachester,Tajikistan
200,Traci Petty,Jesustown,Benin
201,Nathan Vincent,South Mistymouth,Guinea
202,David Mcdonald,East Rebeccatown,Benin
203,Stephanie Preston,East Frankhaven,Belgium
204,Jamie Moreno,Lake Scottstad,Saudi Arabia
205,Brenda Yang,Antoniobury,Luxembourg
206,Tyler Graham,South Jennifer,Bahrain
207,Drew Ross,East Lisa,Israel
208,Cory Jones,Destinybury,Kazakhstan
209,Aaron Burke,Port Jeremy,Greece
210,April Pruitt,East Robert,Ukraine
211,Gavin Herman,Gregorychester,British Indian Ocean Territory (Chagos Archipelago)
212,Eric Jefferson,Woodberg,Libyan Arab Jamahiriya
213,Matthew Lopez,West John,Palestinian Territory
214,Ryan Pierce,Lake Sean,New Caledonia
215,Julie Mueller,Jenniferfurt,Luxembourg
216,Edwin Mckinney,East Amanda,Iraq
217,Janet Paul,New Brendatown,United States Minor Outlying Islands
218,Brian Goodwin,Lindseyton,Kiribati
219,James Patterson,Lukeville,Brazil
220,Nicole Wilson,Port James,Botswana
221,Catherine Mann,Bradleyfurt,Guernsey
222,Crystal Mckee,Miguelfort,Cambodia
223,Dr. Jennifer Stone,Kathleenfort,Sierra Leone
224,Angela Schmidt,Lake Jamestown,Burundi
225,Brett Welch,Armstrongmouth,China
226,Mrs. Karen Nolan,Tylerport,Australia
227,Jasmine Dunlap,South Ashley,Luxembourg
228,Krista Elliott,Jasmineville,Christmas Island
229,Vicki Lawson DDS,Lynnhaven,Lithuania
230,Clayton Hall,Russellfort,Guam
231,Tina Johnson,Richardland,United Kingdom
232,Maria Mack,South Michaelport,Luxembourg
233,Melissa Sims,West Andrew,Papua New Guinea
234,Sarah Mosley,Lake Carolineview,Azerbaijan
235,Harold Martinez,Lake Patricia,Azerbaijan
236,Diane Smith,West Kimberg,New Caledonia
237,Phyllis Alexander,North Michael,Nauru
238,Abigail Ellis,Meyersshire,Cayman Islands
239,John Escobar,Parkerhaven,Niue
240,Brenda Smith,Griffinshire,Senegal
241,Emily Davis,Ryanfurt,Saint Lucia
242,Holly Henson,New Amandaburgh,Martinique
243,Nicholas Flores,North Marie,Canada
244,James Gibson,South Brianfort,India
245,Drew Bennett,East Ronaldberg,Anguilla
246,Melissa Hernandez,Port Heidi,Brazil
247,Alejandro Hernandez,Michaelburgh,Swaziland
248,Amy White,North John,Latvia
249,Patty Yates,New Stevenberg,Australia
250,Robert Stephenson,Christophermouth,Seychelles
251,Calvin Hernandez,West Mario,Faroe Islands
252,Shaun Anderson,East Tiffany,Cuba
253,Jose Rodriguez,Conleymouth,Estonia
254,Kyle Kidd,Donaldhaven,Puerto Rico
255,Thomas Smith,Natalieland,Kazakhstan
256,Tracey Johnston,Joshuastad,Croatia
257,Benjamin Cox,Scottland,Lesotho
258,Olivia Soto,Lake Edwinland,Turks and Caicos Islands
259,Nicole Booth,Rodriguezborough,British Virgin Islands
260,Caleb Davis,Lawrencefort,Saint Lucia
261,Jorge Thomas,East Amberville,United Kingdom
262,William Smith,East Kevin,Mauritania
263,Catherine Collins,Port Martinland,Paraguay
264,Laura Carroll,Port Natalie,Estonia
265,Theresa Taylor,South Tina,Monaco
266,David Shaw,Lake Scott,Finland
267,Scott Harrison,Alexandershire,Pakistan
268,Kelsey Thompson,Salazarport,Yemen
269,Lisa Edwards,Michaelfort,Guinea
270,Kara Parsons,East Spencerbury,Sudan
271,Melissa Moss,Christopherstad,Malaysia
272,Richard Beck,West Katherine,Solomon Islands
273,Robin George,Wilsonhaven,Guinea-Bissau
274,Nicole Murillo,Torresfort,Namibia
275,Brett Lester II,Heatherview,Christmas Island
276,Jennifer Moses,New Tonya,Central African Republic
277,Shawn Ferrell,Pamberg,Ethiopia
278,Ryan Porter,Rogerbury,Indonesia
279,Shannon Marquez,Port Mallorymouth,Armenia
280,Sara Hall,Port Williamfort,Belize
281,Alicia Anderson,Thompsonville,Rwanda
282,Julie Powers,Lake Markborough,Benin
283,Rebekah Jones,Wesleyburgh,Norway
284,Kyle Wilson,Berryton,El Salvador
285,Stephen Ortega,East Michealburgh,Saint Martin
286,Peter Martinez,Keithfurt,Andorra
287,Deborah Castillo,Johnstonstad,Barbados
288,Edgar Williams,Millerview,New Zealand
289,Terry Molina,Port Shaneport,Northern Mariana Islands
290,Jennifer Bass,Wheelerville,Lithuania
291,Alvin Ramos,South Anthony,United Kingdom
292,Dylan Dunn,Olsonmouth,Mauritania
293,Carlos Cooley,East Mariaside,Brunei Darussalam
294,Thomas Arnold,Shirleyhaven,Wallis and Futuna
295,Billy Schroeder,Mendozaland,Bhutan
296,Terri Vaughn,Everettfort,Netherlands
297,Tony Kim,Haroldmouth,Montserrat
298,Larry Chambers,North Tarabury,Iran
299,Justin James,Port Linda,Guatemala
300,Fred Thomas,Amyberg,United Kingdom
